station,lat,lon
04V,38.1,-106.17
04W,46.0229,-92.8952
05U,39.6042,-116.005
06D,48.8844,-99.6208
08D,48.3008,-102.406
0A9,36.3712,-82.1734
0CO,39.7939,-105.764
0E0,34.9856,-106.009
0F2,33.6017,-97.7756
0J4,31.0425,-86.3116
0R0,31.297,-89.8128
0R4,31.562,-91.5065
0S9,48.0538,-122.811
0V4,37.1417,-79.0164
0VG,36.6541,-83.2178
11R,30.2189,-96.3742
12N,41.0089,-74.7367
14Y,45.8983,-94.8739
18A,34.3404,-83.1308
19A,34.1759,-83.5616
1A5,35.22,-83.42
1A6,36.6106,-83.7374
1A9,32.4387,-86.5127
1B7,29.35,-89.4333
1F0,34.147,-97.1226
1H2,39.0705,-88.5335
1II,39.3417,-86.0305
1J0,30.8458,-85.6014
1K1,37.7744,-97.1132
1L0,30.087,-90.5827
1M4,34.2803,-87.6004
1M5,36.5929,-86.4769
1P1,43.7792,-71.7537
1QW,46.8,-120.167
1R7,31.6058,-90.4093
1S5,46.3271,-119.97
1V4,44.42,-72.02
1V6,38.428,-105.106
1YT,46.66,-120.45
20U,46.9252,-103.982
20V,40.0537,-106.369
21D,44.9975,-92.8557
22N,40.8095,-75.7615
24J,30.3001,-83.0247
28J,29.6586,-81.6889
2C8,48.7837,-97.632
2D5,46.1731,-98.0799
2DP,35.6667,-75.9
2G4,39.5803,-79.3394
2G9,40.0389,-79.015
2I0,37.3559,-87.3982
2J9,30.5979,-84.5574
2P2,45.3883,-86.924
2V5,40.1003,-102.241
2V6,40.1046,-102.713
2W6,38.3154,-76.5501
2WX,45.6044,-103.546
33V,40.7503,-106.271
36U,40.4818,-111.429
3AU,37.6716,-97.0779
3D2,45.1357,-87.1881
3F3,32.0717,-93.764
3I2,38.9146,-82.0986
3J7,33.5977,-83.139
3K3,37.9917,-101.746
3LF,39.1625,-89.6746
3N8,47.2605,-95.9281
3R7,30.2427,-92.6735
3T5,29.91,-96.95
40B,46.609,-69.531
40J,30.0719,-83.5736
42J,29.8448,-82.0475
46D,47.4511,-99.1513
46U,43.1846,-111.042
49A,34.6301,-84.5271
4A6,34.6887,-86.0059
4A7,33.3891,-84.3324
4A9,34.4737,-85.7214
4BM,39.05,-105.514
4I3,40.3289,-82.5261
4I7,39.6336,-86.8138
4M9,36.4042,-90.6479
4MR,34.3,-103.8
4O4,33.9094,-94.8594
4V0,40.0956,-108.759
54J,30.7311,-86.1538
5A6,33.465,-89.7302
5C1,29.7239,-98.6946
5H4,47.7912,-99.9317
5M9,37.3363,-88.1097
5R8,30.4411,-93.4736
5SM,39.426,-107.379
5T9,28.8571,-100.513
65S,48.726,-116.295
66R,29.6411,-96.5158
6A1,32.5674,-84.2507
6A2,33.227,-84.2749
6B0,43.9855,-73.0955
6B9,42.914,-76.4408
6I2,37.6352,-85.2418
6L4,37.8557,-81.9159
6P9,32.4317,-98.5948
6R3,30.3564,-95.008
6R6,30.046,-102.213
74V,40.2783,-110.051
79J,31.3087,-86.3938
7BM,38.7825,-106.218
7L2,46.2206,-100.246
7N0,29.9527,-90.0827
7R3,29.6931,-91.0986
7W4,37.9658,-77.7459
7W6,35.5624,-75.9552
82C,43.8387,-90.1377
82V,41.1533,-104.13
8A0,34.2291,-86.2558
8D3,45.6689,-96.9914
8W2,38.6557,-78.7081
96D,48.9406,-97.9028
9A5,34.6885,-85.2903
9D7,48.48,-99.2364
9F2,29.1,-90.2
9L2,34.9908,-117.863
9MN,44.0198,-92.4831
9V9,43.7667,-99.3183
A08,32.5105,-87.3848
A39,32.9908,-111.919
AAA,40.1587,-89.335
AAF,29.7276,-85.0274
AAO,37.75,-97.22
AAT,41.4914,-120.564
ABE,40.6508,-75.4492
ABH,38.7578,-104.308
ABI,32.4106,-99.6821
ABQ,35.0419,-106.616
ABR,45.45,-98.42
ABY,31.5355,-84.1945
ACB,44.9886,-85.1984
ACJ,32.1108,-84.1889
ACK,41.2531,-70.0603
ACP,30.75,-92.69
ACQ,44.0735,-93.5529
ACT,31.618,-97.2283
ACV,40.9781,-124.109
ACY,39.4576,-74.5772
ADC,46.4503,-95.2109
ADF,34.0998,-93.0661
ADG,41.8677,-84.0773
ADH,34.8043,-96.6712
ADM,34.3032,-97.0195
ADS,32.9686,-96.8364
ADU,41.6994,-94.9204
ADW,38.8108,-76.867
AEG,35.1452,-106.795
AEJ,38.8142,-106.121
AEL,43.6815,-93.3672
AEX,31.3347,-92.5586
AFF,38.9697,-104.813
AFJ,40.1365,-80.2902
AFK,40.6069,-95.8657
AFN,42.8051,-72.003
AFO,42.7112,-110.942
AFP,35.0206,-80.0771
AFW,32.9716,-97.3179
AGC,40.3547,-79.9217
AGS,33.3699,-81.9645
AHN,33.9486,-83.3264
AHQ,41.2406,-96.5946
AIA,42.0572,-102.8
AIB,38.2388,-108.563
AID,40.1086,-85.613
AIG,45.1542,-89.1107
AIK,33.6494,-81.685
AIO,41.4059,-95.0465
AIT,46.5484,-93.6768
AIZ,38.096,-92.5495
AJG,38.6065,-87.7267
AJL,43.674,-110.031
AJO,33.8977,-117.602
AJR,34.4998,-83.5567
AJZ,38.7864,-108.064
AKH,35.1967,-81.1558
AKO,40.1756,-103.222
AKQ,36.9839,-77.0072
AKR,41.0375,-81.4669
ALB,42.7576,-73.8036
ALI,27.7409,-98.0269
ALK,31.6072,-110.428
ALM,32.8399,-105.991
ALN,38.8899,-90.046
ALO,42.5544,-92.4013
ALS,37.4389,-105.861
ALW,46.0948,-118.289
ALX,32.9147,-85.963
AMA,35.2194,-101.706
AMG,31.5361,-82.5066
AMN,43.3221,-84.6879
AMW,41.9904,-93.6185
ANB,33.5882,-85.8581
AND,34.4946,-82.7094
ANE,45.1449,-93.2102
ANJ,46.4792,-84.3684
ANK,38.5383,-106.049
ANQ,41.6397,-85.0835
ANW,42.5792,-99.993
AOH,40.7069,-84.0267
AOO,40.2964,-78.32
APA,39.57,-104.85
APC,38.2075,-122.28
APF,26.1525,-81.7753
APG,39.4662,-76.1688
APN,45.0717,-83.5644
APY,26.9688,-99.2489
AQO,30.7836,-98.6619
AQP,45.2275,-96.0043
AQR,34.4,-96.15
AQV,31.3569,-93.1761
AQW,42.6962,-73.1702
AQX,32.9951,-81.2703
ARA,30.0292,-91.8845
ARB,42.224,-83.7397
ARG,36.1247,-90.9251
ARM,29.2543,-96.1544
ARR,41.77,-88.48
ART,43.9888,-76.0262
ARV,45.9279,-89.7309
ARW,32.4122,-80.6344
ASD,30.3433,-89.8222
ASE,39.2232,-106.869
ASG,36.1764,-94.1193
ASH,42.7818,-71.5148
ASJ,36.3,-77.17
ASL,32.5205,-94.3078
ASN,33.5695,-86.0512
AST,46.1569,-123.882
ASW,41.2747,-85.8401
ASX,46.5487,-90.9189
ATL,33.6301,-84.4418
ATP,27.1956,-90.0269
ATS,32.8525,-104.468
ATT,30.3208,-97.7601
ATW,44.2581,-88.5191
ATY,44.914,-97.1547
AUD,29.917,-90.1299
AUG,44.32,-69.8
AUH,40.8941,-97.9946
AUM,43.6647,-92.9333
AUN,38.9548,-121.082
AUO,32.6151,-85.434
AUS,30.1945,-97.6699
AUW,44.9262,-89.6266
AVC,36.6883,-78.0545
AVK,36.7732,-98.67
AVL,35.4319,-82.5375
AVP,41.3335,-75.7227
AVQ,32.4096,-111.218
AVX,33.405,-118.416
AWG,41.2751,-91.6748
AWM,35.1351,-90.2344
AWO,48.1608,-122.159
AXA,43.0796,-94.2724
AXH,29.5061,-95.4769
AXN,45.8663,-95.3947
AXO,29.25,-89.9667
AXS,34.6988,-99.3385
AXV,40.4934,-84.2989
AXX,36.422,-105.29
AYS,31.2491,-82.3955
AZC,36.9599,-113.014
AZE,31.8847,-82.6474
AZO,42.2347,-85.5519
BAB,39.1361,-121.437
BAC,46.9412,-98.018
BAD,32.5019,-93.6626
BAF,42.1578,-72.7161
BAK,39.2619,-85.8963
BAN,38.3636,-119.52
BAX,43.7802,-82.9854
BAZ,29.709,-98.045
BBB,45.3319,-95.6506
BBD,31.1793,-99.3239
BBF,27.833,-96.014
BBG,36.5321,-93.2005
BBP,34.6217,-79.7344
BBW,41.4365,-99.6385
BCB,37.2076,-80.4078
BCE,37.7064,-112.146
BCK,44.2507,-90.8553
BCT,26.38,-80.11
BDE,48.7284,-94.6122
BDG,37.5828,-109.483
BDH,45.1177,-95.1304
BDL,41.9381,-72.6825
BDN,44.0946,-121.2
BDR,41.1583,-73.1289
BDU,40.0394,-105.226
BEA,28.3619,-97.791
BED,42.4699,-71.289
BEH,42.1286,-86.4285
BFD,41.8031,-78.6401
BFF,41.874,-103.596
BFI,47.53,-122.3
BFL,35.4344,-119.054
BFM,30.6268,-88.0681
BFW,47.2521,-91.4098
BGD,35.7009,-101.394
BGE,30.9716,-84.6369
BGF,35.1775,-86.0662
BGM,42.2086,-75.9797
BGR,44.8074,-68.8281
BHB,44.4498,-68.3616
BHC,31.7138,-82.3938
BHK,46.3476,-104.259
BHM,33.5655,-86.7449
BID,41.17,-71.58
BIE,40.3013,-96.7541
BIF,31.8495,-106.38
BIH,37.3731,-118.364
BIJ,31.3975,-84.8948
BIL,45.8069,-108.542
BIS,46.7727,-100.746
BIV,42.7461,-86.0967
BIX,30.4104,-88.9244
BJC,39.9088,-105.117
BJI,47.5094,-94.9337
BJJ,40.8748,-81.8882
BKB,31.0964,-92.9781
BKD,32.719,-98.891
BKE,44.8374,-117.809
BKF,39.7017,-104.752
BKL,41.5175,-81.6833
BKN,36.7451,-97.3496
BKS,27.2067,-98.1211
BKT,37.0742,-77.9575
BKV,28.4736,-82.4554
BKW,37.7873,-81.1242
BKX,44.3048,-96.8169
BLF,37.2958,-81.2077
BLH,33.6192,-114.717
BLI,48.7927,-122.537
BLM,40.18,-74.13
BLU,39.275,-120.71
BLV,38.5452,-89.8352
BMC,41.5524,-112.062
BMG,39.146,-86.6167
BMI,40.4771,-88.9159
BML,44.5761,-71.1786
BMQ,30.7389,-98.2386
BMT,30.0702,-94.2151
BNA,36.1189,-86.6892
BNL,33.2578,-81.3883
BNO,43.595,-118.956
BNW,42.0486,-93.8486
BOI,43.5667,-116.241
BOK,42.0746,-124.29
BOS,42.3606,-71.0097
BOW,27.9434,-81.7834
BPC,35.8893,-101.03
BPG,32.2126,-101.522
BPI,42.5851,-110.111
BPK,36.37,-92.47
BPT,29.9521,-94.0261
BQK,31.2588,-81.4665
BQP,32.7561,-91.8806
BQX,28.4936,-95.7244
BRD,46.4047,-94.1308
BRL,40.7729,-91.1255
BRO,25.9146,-97.4231
BTA,41.4148,-96.109
BTL,42.3073,-85.2515
BTM,45.9548,-112.497
BTP,40.7769,-79.9497
BTR,30.5372,-91.1469
BTV,44.47,-73.15
BUF,42.9408,-78.7358
BUR,34.2007,-118.359
BUU,42.6907,-88.3046
BUY,36.0485,-79.4749
BVE,29.3333,-89.4075
BVI,40.7725,-80.3914
BVN,41.7286,-98.0558
BVO,36.7625,-96.0112
BVS,48.47,-122.42
BVU,35.9475,-114.861
BVX,35.7261,-91.6472
BVY,42.5841,-70.9161
BWD,31.7936,-98.9565
BWG,36.9645,-86.4197
BWI,39.1754,-76.6683
BWP,46.2441,-96.6074
BXA,30.8137,-89.865
BXK,33.4204,-112.686
BYG,44.38,-106.72
BYH,35.9643,-89.9439
BYI,42.5426,-113.771
BYL,36.795,-84.1995
BYS,35.2805,-116.63
BYY,28.9733,-95.8634
BZN,45.7881,-111.161
C07,40.3544,-106.699
C09,41.4253,-88.4186
C29,43.1143,-89.5315
C35,43.5259,-89.9832
C62,41.4739,-85.2541
C75,41.0193,-89.3864
CAD,44.2753,-85.4189
CAE,33.9419,-81.1181
CAG,40.4952,-107.522
CAK,40.9161,-81.4422
CAO,36.4486,-103.154
CAR,46.87,-68.02
CAV,42.743,-93.7593
CBE,39.6154,-78.7609
CBF,41.2611,-95.7604
CBG,45.5575,-93.2642
CBK,39.4274,-101.047
CBM,33.6438,-88.4438
CCA,35.5978,-92.4516
CCO,33.31,-84.77
CCR,37.9916,-122.053
CCU,39.475,-106.153
CCY,43.073,-92.6132
CDA,44.5691,-72.018
CDC,37.7,-113.1
CDD,48.266,-92.483
CDH,33.6228,-92.7634
CDI,39.975,-81.5776
CDJ,39.8233,-93.5792
CDN,34.2836,-80.5649
CDR,42.8376,-103.095
CDS,34.4339,-100.288
CDW,40.8764,-74.2831
CEC,41.7837,-124.238
CEF,42.194,-72.5348
CEU,34.6719,-82.8868
CEW,30.78,-86.52
CEY,36.6646,-88.3728
CEZ,37.303,-108.628
CFD,30.7157,-96.3314
CFE,45.159,-93.8433
CFJ,39.9756,-86.9199
CFS,43.4588,-83.4454
CFV,37.0941,-95.5719
CGC,28.8673,-82.5713
CGE,38.5393,-76.0304
CGF,41.5651,-81.4864
CGI,37.2253,-89.5708
CGS,38.9806,-76.9223
CGZ,32.9549,-111.767
CHA,35.0353,-85.2038
CHD,33.27,-111.81
CHK,35.0974,-97.9677
CHO,38.1386,-78.4529
CHS,32.8986,-80.0405
CIC,39.7954,-121.858
CID,41.8829,-91.7246
CIN,42.0444,-94.7889
CIR,37.0647,-89.2196
CIU,46.25,-84.47
CJR,38.5267,-77.8589
CKB,39.2966,-80.2281
CKC,47.8383,-90.3829
CKF,31.9888,-83.7739
CKI,33.7172,-79.857
CKM,34.2997,-90.5123
CKN,47.8417,-96.6214
CKP,42.7304,-95.5538
CKV,36.6219,-87.415
CKZ,40.3892,-75.2905
CLE,41.405,-81.8528
CLI,44.6139,-88.7314
CLK,35.5383,-98.9327
CLL,30.5881,-96.3639
CLM,48.12,-123.5
CLS,46.677,-122.983
CLT,35.2225,-80.9543
CLW,27.9742,-82.7563
CMA,34.2137,-119.094
CMD,34.2687,-86.858
CMH,39.9914,-82.8808
CMI,40.0388,-88.2778
CMR,35.3054,-112.195
CMX,47.1684,-88.4891
CMY,43.9584,-90.7379
CNB,44.7295,-96.266
CNC,41.0184,-93.3608
CNI,34.3106,-84.4239
CNK,39.55,-97.65
CNM,32.3375,-104.263
CNO,33.9753,-117.636
CNU,37.6703,-95.4842
CNW,31.6378,-97.0741
CNY,38.755,-109.755
COD,44.5202,-109.024
COE,47.7743,-116.82
COF,28.235,-80.61
COM,31.8411,-99.4036
CON,43.1953,-71.5011
COQ,46.7011,-92.5036
COS,38.8058,-104.701
COT,28.4567,-99.2183
COU,38.8169,-92.2183
CPC,34.2753,-78.7146
CPK,36.6656,-76.3207
CPR,42.908,-106.464
CPS,38.5707,-90.1562
CPT,32.3537,-97.4338
CPW,37.45,-106.8
CQB,35.7238,-96.8203
CQC,35.0028,-105.663
CQF,30.4605,-87.877
CQM,47.8219,-92.6894
CQT,34.0235,-118.291
CQW,34.7129,-79.957
CQX,41.6875,-69.9933
CRE,33.8118,-78.7239
CRG,30.3361,-81.5147
CRP,27.7731,-97.5128
CRQ,33.13,-117.28
CRS,32.03,-96.4
CRW,38.3794,-81.59
CRX,34.915,-88.6035
CSG,32.5161,-84.9422
CSM,35.3398,-99.2005
CSQ,41.0188,-94.3608
CSV,35.9513,-85.085
CTB,48.6084,-112.376
CTJ,33.6317,-85.1523
CTY,29.6355,-83.1047
CTZ,34.9756,-78.3644
CUB,33.972,-80.9938
CUH,35.9499,-96.7731
CUL,38.0895,-88.1231
CUT,43.7331,-103.611
CVB,29.3419,-98.8509
CVC,33.6323,-83.8474
CVG,39.0431,-84.6717
CVH,36.8933,-121.41
CVN,34.4251,-103.079
CVO,44.4971,-123.289
CVS,34.3828,-103.322
CVW,29.784,-93.3
CVX,45.3047,-85.2747
CWA,44.7776,-89.6668
CWC,33.8578,-98.4904
CWF,30.2106,-93.1432
CWI,41.8295,-90.3328
CWN,38.75,-104.85
CWV,32.1951,-81.8696
CXE,36.7883,-78.5016
CXO,30.3524,-95.4145
CXP,39.1923,-119.733
CXU,31.2132,-84.2352
CXY,40.2171,-76.8515
CYS,41.1556,-104.811
CZL,34.4554,-84.9392
CZT,28.5222,-99.8236
CZZ,32.6261,-116.468
D07,45.03,-102.02
D25,46.1202,-89.8822
D39,45.7066,-94.9334
D50,48.9285,-103.297
D55,48.7531,-98.3937
D57,46.8128,-101.86
D60,48.3803,-102.897
D95,43.0666,-83.2723
DAA,38.715,-77.181
DAB,29.1799,-81.0581
DAG,34.8536,-116.786
DAL,32.8471,-96.8518
DAN,36.5729,-79.3361
DAW,43.28,-70.92
DAY,39.9061,-84.2186
DBN,32.5644,-82.9853
DBQ,42.3984,-90.7091
DCA,38.8472,-77.0345
DCM,34.7893,-81.1958
DCU,34.6525,-86.9453
DCY,38.7004,-87.1297
DDC,37.7631,-99.9654
DDH,42.8935,-73.2486
DEC,39.8346,-88.8657
DED,29.067,-81.2837
DEH,43.2755,-91.7433
DEN,39.8328,-104.658
DEQ,34.047,-94.3994
DET,42.4092,-83.0099
DEW,47.9689,-117.421
DFI,41.3375,-84.4288
DFW,32.8968,-97.038
DGW,42.7972,-105.386
DHN,31.32,-85.45
DHT,36.0226,-102.547
DIJ,43.7419,-111.098
DIK,46.7973,-102.802
DKB,41.9338,-88.7057
DKK,42.4933,-79.272
DKR,31.307,-95.4038
DKX,35.9638,-83.8737
DLF,29.3595,-100.778
DLH,46.8421,-92.1936
DLL,43.522,-89.771
DLN,45.2554,-112.552
DLP,29.1214,-89.5472
DLS,45.6186,-121.167
DLZ,40.2797,-83.1148
DMA,32.166,-110.883
DMH,39.28,-76.61
DMN,32.2623,-107.721
DMO,38.7074,-93.1759
DMW,39.6083,-77.0077
DNL,33.4669,-82.0382
DNN,34.72,-84.87
DNS,41.9842,-95.38
DNV,40.1997,-87.5955
DOV,39.1295,-75.466
DPA,41.9078,-88.2486
DPG,40.1974,-112.935
DPL,35.0,-77.98
DQH,31.4767,-82.8606
DRA,36.6206,-116.028
DRI,30.83,-93.34
DRM,46.0093,-83.7439
DRO,37.1515,-107.754
DRT,29.3742,-100.927
DSM,41.5339,-93.6531
DSV,42.5709,-77.713
DTA,39.3806,-112.508
DTL,46.8252,-95.8856
DTN,32.5402,-93.745
DTO,33.2061,-97.1989
DTS,30.3934,-86.4674
DTW,42.23,-83.33
DUA,33.9423,-96.3945
DUB,43.5484,-109.69
DUC,34.47,-97.96
DUG,31.469,-109.604
DUH,41.7358,-83.6553
DUJ,41.18,-78.9
DUX,35.858,-102.013
DVK,37.5779,-84.7697
DVL,48.1146,-98.9083
DVN,41.6133,-90.5948
DVO,38.1436,-122.556
DVP,43.9868,-95.7826
DVT,33.6883,-112.083
DWH,30.068,-95.5562
DWU,38.5545,-82.738
DWX,41.0374,-107.493
DXR,41.37,-73.48
DXX,44.9864,-96.1779
DYA,32.4638,-87.9541
DYB,33.0634,-80.2793
DYL,40.3331,-75.1223
DYR,35.998,-89.4066
DYS,32.421,-99.855
DYT,46.7219,-92.0434
DZB,30.5271,-98.3588
DZJ,34.8544,-83.9973
E11,32.3311,-102.53
E16,37.0816,-121.597
E38,30.384,-103.684
E80,34.6452,-106.834
EAN,42.0555,-104.929
EAR,40.727,-99.0068
EAT,47.399,-120.207
EAU,44.8658,-91.4843
EBA,34.0954,-82.8175
EBG,26.4417,-98.1222
EBS,42.4392,-93.8691
ECG,36.2606,-76.1746
ECP,30.3582,-85.7956
ECS,43.8854,-104.318
ECU,29.9469,-100.174
EDC,30.3925,-97.5621
EDE,36.0277,-76.5671
EDJ,40.3723,-83.8192
EDN,31.2982,-85.9048
EDU,38.5315,-121.786
EDW,34.9054,-117.884
EED,34.7664,-114.623
EEN,42.9,-72.27
EEO,40.0488,-107.886
EET,33.18,-86.78
EFD,29.6073,-95.1587
EFK,44.8888,-72.2292
EFT,42.6149,-89.5904
EGE,39.6426,-106.918
EGI,30.6503,-86.5229
EGV,45.9323,-89.2683
EHA,37.0008,-101.88
EHC,28.429,-92.878
EHO,35.2556,-81.6011
EHR,37.8078,-87.6857
EHY,41.7253,-106.459
EIK,40.0102,-105.048
EIR,28.634,-91.489
EKA,40.8097,-124.16
EKM,41.72,-86.0
EKN,38.8853,-79.8528
EKO,40.8242,-115.786
EKQ,36.8553,-84.8561
EKS,45.2718,-111.649
EKX,37.686,-85.925
EKY,33.3126,-86.9263
ELA,29.6006,-96.3219
ELD,33.221,-92.8133
ELK,35.4308,-99.3943
ELM,42.1599,-76.8916
ELN,47.033,-120.531
ELO,47.8287,-91.8371
ELP,31.8111,-106.376
ELY,39.295,-114.845
ELZ,42.11,-77.99
EMK,27.8186,-94.3228
EMM,41.8241,-110.557
EMP,38.3306,-96.1897
EMT,34.086,-118.035
EMV,36.6869,-77.4827
END,36.3392,-97.9165
ENL,38.5151,-89.0911
ENV,40.7187,-114.031
ENW,42.595,-87.9381
EOE,34.3093,-81.6397
EOK,40.4615,-91.4274
EPH,47.3081,-119.515
EQA,37.7741,-96.8176
EQY,35.0169,-80.6206
ERI,42.08,-80.18
ERV,29.9767,-99.0855
ERY,46.3111,-85.4572
ESC,45.7227,-87.0937
ESF,31.3963,-92.2827
ESN,38.8042,-76.069
EST,43.4008,-94.7476
ETB,43.4222,-88.1279
ETC,35.9373,-77.5465
ETH,45.7805,-96.5435
EUF,31.9513,-85.1289
EUG,44.1246,-123.212
EUL,43.6419,-116.636
EVB,29.0557,-80.9489
EVM,47.4251,-92.4981
EVV,38.0441,-87.5205
EVW,41.2731,-111.031
EWB,41.6764,-70.9583
EWK,38.0582,-97.2745
EWN,35.0675,-77.0472
EWR,40.6827,-74.1693
EXX,35.7811,-80.3038
EYE,39.825,-86.2958
EYF,34.6,-78.58
EYW,24.5561,-81.7596
EZF,38.2662,-77.4494
EZM,32.2164,-83.1287
EZS,44.7873,-88.56
F00,33.6131,-96.1793
F05,34.2257,-99.2837
F17,31.8316,-94.1564
F44,32.1638,-95.8284
F46,32.9306,-96.4355
F70,33.5742,-117.129
FAF,37.1325,-76.6088
FAM,37.761,-90.4286
FAR,46.9253,-96.8111
FAT,36.78,-119.719
FAY,34.9912,-78.8803
FBG,35.1318,-78.9367
FBL,44.3247,-93.3108
FBR,41.3941,-110.406
FCH,36.7321,-119.82
FCI,37.4064,-77.5248
FCM,44.8261,-93.4607
FCS,38.6784,-104.757
FDK,39.4176,-77.3743
FDR,34.3521,-98.9839
FDW,34.3155,-81.1088
FDY,41.0136,-83.6686
FEP,42.2462,-89.582
FET,41.45,-96.52
FEW,41.1333,-104.867
FFA,36.02,-75.67
FFC,33.3553,-84.5669
FFL,41.0521,-91.9834
FFM,46.2844,-96.1567
FFO,39.8261,-84.0483
FFT,38.1847,-84.9033
FFX,43.4393,-85.9949
FFZ,33.4608,-111.728
FGN,49.3183,-94.9028
FGX,38.5418,-83.7434
FHB,30.6118,-81.4612
FHR,48.522,-123.024
FHU,31.5883,-110.344
FIG,41.0467,-78.4117
FIN,29.4657,-81.2087
FIT,42.5519,-71.7558
FKA,43.6767,-92.1797
FKL,41.3779,-79.8604
FKN,36.6981,-76.9038
FKR,40.2734,-86.5622
FKS,44.6252,-86.2008
FLD,43.7712,-88.4884
FLG,35.1403,-111.672
FLL,26.07,-80.15
FLO,34.1854,-79.7239
FLP,36.2909,-92.5902
FLY,38.9457,-104.57
FME,39.0854,-76.7594
FMH,41.6585,-70.5215
FMM,40.334,-103.804
FMN,36.7436,-108.229
FMY,26.5849,-81.8615
FNB,40.0788,-95.592
FNL,40.4518,-105.011
FNT,42.9667,-83.7494
FOA,38.665,-88.4531
FOD,42.5497,-94.2032
FOE,38.9509,-95.6636
FOK,40.8436,-72.6318
FOT,40.5539,-124.133
FOZ,47.7828,-93.6502
FPK,42.5745,-84.8114
FPR,27.4981,-80.3767
FQD,35.4282,-81.9351
FRG,40.7288,-73.4134
FRI,39.0526,-96.7645
FRM,43.6439,-94.4156
FRR,38.9175,-78.2535
FSD,43.5769,-96.7536
FSE,47.5928,-95.7735
FSI,34.6449,-98.4033
FSM,35.3366,-94.3674
FSO,44.9403,-73.0975
FST,30.9119,-102.917
FSW,40.6615,-91.3267
FTG,39.7852,-104.543
FTK,37.9071,-85.9721
FTN,28.2086,-100.019
FTW,32.8198,-97.3624
FTY,33.78,-84.52
FUL,33.87,-117.98
FVE,47.2855,-68.3127
FVX,37.3575,-78.4378
FWA,40.9781,-85.1871
FWB,36.6985,-93.4022
FWC,38.3786,-88.4126
FWN,41.2002,-74.6231
FWS,32.573,-97.3033
FWZ,42.5134,-108.777
FXE,26.2,-80.17
FXY,43.2323,-93.6237
FYG,38.5876,-90.9938
FYJ,37.5211,-76.7647
FYM,35.0597,-86.564
FYV,36.0051,-94.1701
FZG,31.6839,-83.2709
FZY,43.3497,-76.3847
GAD,33.9727,-86.0891
GAF,48.4047,-97.3709
GAG,36.2955,-99.7764
GAI,39.1683,-77.166
GAO,29.4448,-90.2611
GBD,38.3443,-98.8592
GBG,40.938,-90.4311
GBK,27.2039,-92.2025
GCC,44.3489,-105.539
GCD,44.4042,-118.963
GCK,37.9275,-100.724
GCM,36.29,-95.48
GCN,35.9461,-112.155
GDB,44.7533,-95.556
GDJ,32.4444,-97.8169
GDP,31.8331,-104.81
GDV,47.1387,-104.807
GED,38.6892,-75.3589
GEG,47.6216,-117.528
GEU,33.5269,-112.295
GEV,36.43,-81.42
GEY,44.5168,-108.083
GEZ,39.5831,-85.8048
GFA,47.5047,-111.187
GFK,47.9492,-97.1761
GFL,43.3412,-73.6103
GGE,33.3117,-79.3196
GGG,32.384,-94.7115
GGI,41.7097,-92.7332
GGP,40.7113,-86.3727
GGW,48.2138,-106.621
GHB,27.84,-91.99
GHG,42.0982,-70.6721
GHW,45.6439,-95.3204
GIC,45.9426,-116.123
GIF,28.0629,-81.7533
GJT,39.1342,-108.54
GKJ,41.6265,-80.2147
GKT,35.8578,-83.5287
GKY,32.6639,-97.0943
GLD,39.3672,-101.693
GLE,33.6514,-97.1969
GLH,33.4829,-90.9856
GLR,45.0135,-84.7036
GLS,29.2653,-94.8604
GLW,37.0318,-85.9537
GLY,38.3566,-93.6842
GMJ,36.6068,-94.7386
GMU,34.8461,-82.3461
GNA,47.7453,-90.3457
GNC,32.6753,-102.653
GNR,45.4622,-69.5953
GNT,35.1673,-107.902
GNV,29.6917,-82.276
GOK,35.8498,-97.4156
GON,41.33,-72.05
GOO,39.224,-121.003
GOP,31.4213,-97.797
GOV,44.68,-84.73
GPH,39.3325,-94.3096
GPI,48.3042,-114.264
GPM,32.6988,-97.0469
GPT,30.4073,-89.0701
GPZ,47.2111,-93.5097
GRB,44.4794,-88.1367
GRD,34.25,-82.16
GRF,47.08,-122.58
GRI,40.9675,-98.3096
GRK,31.07,-97.83
GRR,42.88,-85.52
GRY,27.625,-90.441
GSB,35.3394,-77.9606
GSH,41.5272,-85.7922
GSO,36.0975,-79.9436
GSP,34.8847,-82.2239
GTB,44.0556,-75.7195
GTF,47.4733,-111.382
GTR,33.4503,-88.5914
GTU,30.6808,-97.6767
GUC,38.5339,-106.933
GUL,27.3039,-93.5383
GUP,35.5111,-108.789
GUR,42.2597,-104.728
GUS,40.6481,-86.1521
GUY,36.6817,-101.505
GVE,38.156,-78.1658
GVL,34.2719,-83.8303
GVT,33.0678,-96.0653
GVX,28.5767,-94.9767
GWB,41.3072,-85.0644
GWO,33.4943,-90.0847
GWR,46.2187,-97.6435
GWW,35.4606,-77.9649
GXA,34.5666,-117.67
GXF,32.8875,-112.72
GXY,40.4374,-104.633
GYB,30.17,-96.98
GYH,34.7583,-82.3764
GYI,33.7141,-96.6737
GYL,44.756,-94.0812
GYR,33.4224,-112.374
GYY,41.6163,-87.4128
GZH,31.4158,-87.0441
GZL,35.2891,-95.0939
GZN,32.3658,-99.0237
H78,28.18,-88.48
HAE,39.7252,-91.4439
HAF,37.5136,-122.5
HAI,41.9597,-85.5934
HAO,39.3638,-84.5219
HBE,39.3417,-86.0305
HBG,31.2649,-89.2529
HBI,35.6545,-79.8948
HBR,34.9913,-99.0514
HBV,27.3496,-98.7369
HCD,44.8599,-94.3825
HCO,48.7527,-96.943
HDC,30.52,-90.42
HDE,40.4521,-99.3365
HDN,40.48,-107.22
HDO,29.3594,-99.1742
HEF,38.7214,-77.5154
HEI,46.0149,-102.656
HEQ,40.5694,-102.273
HEY,31.346,-85.6543
HEZ,31.6137,-91.2973
HFD,41.7367,-72.6494
HFF,35.0367,-79.4974
HFJ,36.9062,-94.0128
HFY,39.6276,-86.088
HGR,39.7078,-77.7297
HHF,35.895,-100.404
HHG,40.8529,-85.4571
HHR,33.9228,-118.335
HHV,26.9392,-94.6886
HHW,34.0348,-95.5419
HIB,47.3866,-92.839
HIE,44.3676,-71.5445
HIF,41.1239,-111.973
HII,34.5711,-114.358
HIO,45.5406,-122.95
HJH,40.1523,-97.587
HJO,36.3114,-119.623
HKA,35.94,-89.83
HKS,32.3348,-90.2225
HKY,35.7411,-81.3895
HLC,39.3756,-99.8297
HLG,40.175,-80.6463
HLN,46.6056,-111.964
HLR,31.1387,-97.7145
HLX,36.7661,-80.8236
HMN,32.8519,-106.108
HMP,33.3899,-84.331
HMZ,40.0853,-78.5122
HNB,38.25,-86.95
HND,35.9729,-115.134
HNR,41.5834,-95.3355
HNZ,36.36,-78.53
HOB,32.6875,-103.217
HOE,31.0559,-82.7741
HON,44.3852,-98.2286
HOP,36.6686,-87.4962
HOT,34.478,-93.0962
HOU,29.6375,-95.2824
HPN,41.0669,-73.7075
HQG,37.1631,-101.37
HQI,27.962,-93.6708
HQM,46.9712,-123.937
HQU,33.5297,-82.5164
HQZ,32.747,-96.5304
HRI,45.8258,-119.261
HRJ,35.3786,-78.7336
HRL,26.2285,-97.6544
HRO,36.2615,-93.1547
HRT,30.4278,-86.6893
HRX,34.8578,-102.326
HSA,30.3678,-89.4546
HSB,37.8113,-88.5503
HSE,35.2322,-75.6225
HSG,43.7136,-108.39
HSI,40.6052,-98.4279
HSP,37.9514,-79.8339
HST,25.4884,-80.3837
HSV,34.6439,-86.7861
HTL,44.3598,-84.6711
HTO,40.96,-72.25
HTS,38.365,-82.555
HUA,34.6786,-86.6848
HUF,39.4515,-87.3076
HUL,46.1231,-67.7921
HUM,29.5665,-90.6604
HUT,38.0655,-97.8606
HVE,38.418,-110.704
HVN,41.2638,-72.8868
HVR,48.5428,-109.763
HVS,34.4031,-80.1192
HWD,37.6588,-122.121
HWO,25.9995,-80.2412
HWV,40.8217,-72.8689
HWY,38.5863,-77.7106
HXD,32.2244,-80.6975
HYA,41.67,-70.28
HYI,29.8927,-97.863
HYR,46.0253,-91.4442
HYS,38.8422,-99.2732
HYW,33.8285,-79.1222
HYX,43.4334,-83.8623
HZD,36.089,-88.4654
HZE,47.2899,-101.581
HZL,40.9868,-75.9949
HZR,30.7183,-91.4787
HZX,46.6188,-93.3098
HZY,41.778,-80.6955
I16,37.6,-81.56
I19,39.691,-83.992
I35,36.8593,-83.3585
I39,37.6308,-84.3323
I63,39.9875,-90.8042
I67,39.2589,-84.7743
I69,39.0784,-84.2102
I75,41.0472,-93.6876
IAB,37.623,-97.2673
IAD,38.9348,-77.4473
IAG,43.1073,-78.9462
IAH,29.9844,-95.3414
IBM,41.1881,-103.677
ICL,40.7242,-95.0223
ICR,43.3903,-99.8422
ICT,37.65,-97.43
IDA,43.5137,-112.071
IDI,40.6322,-79.1055
IDP,37.1584,-95.7784
IEN,43.0225,-102.511
IER,31.7357,-93.0991
IFA,42.4691,-93.2651
IFP,35.1574,-114.56
IGM,35.2577,-113.933
IGQ,41.5349,-87.5295
IGX,35.9333,-79.0642
IIB,42.4544,-91.9504
IIY,33.7794,-82.8158
IJD,41.7419,-72.1836
IJX,39.7746,-90.2383
IKG,27.5509,-98.0309
IKK,41.0714,-87.8463
IKT,28.5208,-88.2889
IKV,41.6878,-93.5695
IKW,43.6629,-84.2613
ILE,31.0858,-97.6865
ILG,39.6728,-75.6008
ILM,34.27,-77.9
ILN,39.4203,-83.8217
IML,40.5103,-101.62
IMS,38.7589,-85.4655
IMT,45.8184,-88.1146
IND,39.7084,-86.3048
INF,28.8036,-82.3182
INJ,32.0836,-97.0972
INK,31.78,-103.2
INL,48.5595,-93.3956
INS,36.5872,-115.673
INT,36.1337,-80.222
INW,35.0219,-110.723
IOB,38.0575,-83.9829
IOW,41.6394,-91.5445
IPJ,35.4833,-81.1612
IPL,32.8342,-115.579
IPN,28.085,-87.9858
IPT,41.2433,-76.9217
IRK,40.0972,-92.5433
IRS,41.8133,-85.4389
ISM,28.29,-81.44
ISN,48.1738,-103.637
ISO,35.33,-77.61
ISP,40.7939,-73.1017
ISQ,45.9746,-86.1718
ISW,44.3592,-89.8369
ITH,42.491,-76.4584
ITR,39.2425,-102.285
IWA,33.3078,-111.656
IWD,46.5275,-90.1314
IWI,43.9614,-69.7126
IXA,36.3298,-77.6352
IXD,38.8309,-94.8903
IYA,29.9758,-92.0842
IZA,34.6068,-120.076
IZG,43.9911,-70.9479
JAC,43.6128,-110.737
JAN,32.32,-90.08
JAQ,38.3742,-120.794
JAS,30.8857,-94.0349
JAU,36.3341,-84.163
JAX,30.4941,-81.6879
JBR,35.8317,-90.6464
JCA,34.1739,-83.5583
JCT,30.5108,-99.7664
JDD,32.7422,-95.4965
JDN,47.3258,-106.948
JEF,38.5912,-92.1561
JER,42.7267,-114.457
JES,31.554,-81.8825
JFK,40.6386,-73.7622
JFX,33.902,-87.3142
JFZ,37.0637,-81.7983
JGG,37.2392,-76.7161
JHN,37.5782,-101.73
JHW,42.1534,-79.258
JKA,30.2905,-87.6718
JKJ,46.8393,-96.664
JKL,37.5914,-83.3144
JLN,37.1522,-94.4952
JMR,45.8861,-93.2718
JMS,46.93,-98.68
JNX,35.5409,-78.3903
JOT,41.5177,-88.1756
JQF,35.3878,-80.7091
JRB,40.7012,-74.009
JSO,31.87,-95.22
JST,40.3161,-78.8339
JSV,35.4381,-94.8028
JTC,34.1294,-109.311
JVL,42.6202,-89.0416
JVW,32.3045,-90.4105
JWG,35.8647,-98.4207
JWN,36.1824,-86.8867
JWY,32.4561,-96.9125
JXI,32.7,-94.95
JXN,42.2598,-84.4594
JYG,43.9863,-94.5579
JYL,32.6453,-81.5971
JYM,41.9213,-84.5858
JYO,39.078,-77.5575
JYR,40.8967,-97.6228
JZI,32.7009,-80.0029
JZP,34.4535,-84.4572
K02,37.8687,-89.8621
K88,37.8682,-95.3869
KLS,46.12,-122.9
L18,33.3542,-117.251
L35,34.2638,-116.856
L38,30.1727,-90.9406
LAA,38.07,-102.688
LAF,40.4148,-86.9333
LAL,27.9889,-82.0186
LAM,35.8798,-106.269
LAN,42.78,-84.58
LAR,41.3121,-105.675
LAS,36.0801,-115.152
LAW,34.5677,-98.4166
LAX,33.9382,-118.386
LBB,33.6636,-101.823
LBE,40.2759,-79.4048
LBF,41.1219,-100.669
LBL,37.0442,-100.96
LBR,33.5932,-95.0636
LBT,34.61,-79.06
LBX,29.1086,-95.4621
LCG,42.2419,-96.9814
LCH,30.1255,-93.2277
LCI,43.5735,-71.4215
LCK,39.8138,-82.9278
LCQ,30.1821,-82.5769
LDJ,40.6174,-74.2446
LDM,43.9625,-86.4079
LEB,43.6261,-72.3042
LEE,28.82,-81.81
LEW,44.0485,-70.2835
LEX,38.0408,-84.6058
LFI,37.0828,-76.3605
LFK,31.234,-94.75
LFT,30.1986,-91.9896
LGA,40.7794,-73.8803
LGB,33.8118,-118.147
LGC,33.0089,-85.0726
LGD,45.2902,-118.007
LGU,41.7913,-111.852
LHB,30.87,-96.62
LHM,38.9092,-121.351
LHQ,39.7556,-82.6571
LHW,31.8891,-81.5623
LHX,38.0494,-103.512
LHZ,36.0233,-78.3303
LIC,39.2748,-103.666
LIT,34.7273,-92.2357
LJF,45.0971,-94.5072
LKR,34.723,-80.8544
LKU,38.01,-77.97
LKV,42.1611,-120.399
LLJ,44.5228,-114.215
LLQ,33.64,-91.75
LMO,40.1637,-105.163
LMT,42.1469,-121.724
LNC,32.5792,-96.719
LND,42.8152,-108.73
LNK,40.8478,-96.7647
LNL,46.154,-89.2121
LNN,41.684,-81.3898
LNP,36.9875,-82.53
LNR,43.2119,-90.1798
LNS,40.1203,-76.2944
LOL,40.0684,-118.57
LOM,40.1376,-75.2651
LOR,31.3558,-85.7511
LOT,41.6081,-88.0962
LOU,38.228,-85.6637
LOZ,37.087,-84.077
LPC,34.6656,-120.467
LPR,41.3461,-82.1794
LQK,34.81,-82.7029
LRD,27.5438,-99.4615
LRF,34.9168,-92.1465
LRJ,42.7754,-96.1923
LRO,32.8978,-79.7829
LRU,32.2894,-106.922
LRY,38.611,-94.3421
LSB,32.3335,-108.692
LSE,43.88,-91.25
LSF,32.3373,-84.9913
LSK,42.7538,-104.405
LSV,36.2362,-115.034
LTS,34.6671,-99.2667
LUA,38.6671,-78.5006
LUD,33.2542,-97.5805
LUF,33.535,-112.383
LUK,39.1033,-84.4186
LUL,31.673,-89.1728
LUM,44.8923,-91.8678
LUX,34.5071,-81.9472
LVJ,29.52,-95.24
LVK,37.6931,-121.815
LVL,36.7728,-77.7943
LVM,45.7,-110.45
LVN,44.6252,-93.2273
LVS,35.6542,-105.142
LWA,42.3508,-86.2561
LWB,37.8583,-80.3995
LWC,39.0077,-95.2115
LWD,40.6306,-93.9005
LWM,42.7172,-71.1234
LWS,46.3745,-117.015
LWT,47.0493,-109.467
LWV,38.7643,-87.6055
LXL,45.9492,-94.3469
LXN,40.7904,-99.7759
LXT,38.9597,-94.3714
LXV,39.2281,-106.316
LXY,31.6412,-96.5145
LYH,37.3208,-79.2067
LYV,43.6212,-96.2158
LZU,33.9781,-83.9624
LZZ,31.1062,-98.1959
M08,35.2145,-89.0434
M19,35.6377,-91.1764
M21,37.2262,-87.1564
M25,36.7691,-88.5847
M30,37.1859,-88.7506
M33,36.3768,-86.4088
M40,33.8738,-88.4897
M63,32.07,-106.15
M91,36.5363,-86.9189
MAE,36.9849,-120.111
MAF,31.9466,-102.207
MAI,30.8356,-85.1839
MAN,43.5813,-116.523
MAO,34.1812,-79.3347
MAW,36.6005,-89.9922
MBG,45.5464,-100.408
MBL,44.2725,-86.2469
MBO,32.4384,-90.1014
MBS,43.53,-84.08
MCB,31.18,-90.47
MCC,38.667,-121.401
MCD,45.865,-84.6372
MCE,37.286,-120.518
MCF,27.85,-82.52
MCI,39.2976,-94.7139
MCJ,29.714,-95.395
MCK,40.2063,-100.592
MCN,32.6928,-83.6492
MCO,28.4294,-81.309
MCW,43.1544,-93.3261
MCX,40.7088,-86.7668
MDD,32.0365,-102.101
MDH,37.78,-89.25
MDJ,28.6425,-89.7942
MDQ,34.86,-86.56
MDS,44.016,-97.0859
MDT,40.1936,-76.7633
MDW,41.786,-87.7524
MDZ,45.1008,-90.3033
MEB,34.7919,-79.3658
MEH,45.5114,-118.425
MEI,32.3347,-88.7511
MEM,35.0611,-89.985
MER,37.3805,-120.568
MEV,38.9963,-119.75
MEZ,34.5454,-94.2026
MFD,40.82,-82.52
MFE,26.1758,-98.2386
MFI,44.6369,-90.1893
MFR,42.3811,-122.872
MFV,37.6469,-75.7611
MGC,41.7033,-86.8212
MGE,33.9153,-84.5163
MGG,45.236,-93.9856
MGJ,41.5092,-74.265
MGM,32.3006,-86.394
MGN,45.4256,-84.9134
MGR,31.0849,-83.8033
MGW,39.6429,-79.9163
MGY,39.589,-84.2249
MHE,43.7748,-98.0386
MHK,39.1353,-96.6778
MHL,39.0955,-93.2028
MHR,38.5553,-121.297
MHS,41.3149,-122.317
MHT,42.9328,-71.4357
MHV,35.059,-118.152
MIA,25.788,-80.3169
MIB,48.4158,-101.358
MIC,45.0622,-93.3511
MIE,40.2425,-85.3958
MIS,29.296,-88.842
MIV,39.3661,-75.0783
MIW,42.1106,-92.9163
MJQ,43.65,-94.9865
MJX,39.9275,-74.2924
MKC,39.123,-94.593
MKE,42.9472,-87.8967
MKG,43.1711,-86.2367
MKJ,36.8949,-81.3499
MKL,35.5931,-88.9167
MKN,31.92,-98.6
MKO,35.6567,-95.3614
MKS,33.1855,-80.0362
MKT,44.22,-93.92
MKY,25.995,-81.6725
MLB,28.1028,-80.6453
MLC,34.8822,-95.7831
MLE,41.196,-96.112
MLF,38.4266,-113.012
MLI,41.4485,-90.5075
MLJ,33.1542,-83.2407
MLP,47.4548,-115.671
MLS,46.428,-105.886
MLT,45.6478,-68.6856
MLU,32.5109,-92.0377
MMH,37.6241,-118.839
MMI,35.3973,-84.5626
MMK,41.51,-72.83
MML,44.45,-95.82
MMT,33.92,-80.8
MMU,40.7993,-74.4149
MMV,45.1945,-123.136
MNE,32.646,-93.2981
MNH,39.2231,-104.642
MNI,33.5871,-80.2087
MNM,45.1266,-87.6384
MNN,40.6163,-83.0635
MNV,35.5452,-84.3804
MNZ,31.6659,-98.1486
MOB,30.6883,-88.2456
MOD,37.6258,-120.954
MOP,43.6217,-84.7372
MOR,36.1794,-83.3754
MOT,48.2594,-101.28
MOX,45.566,-95.9672
MPO,41.1389,-75.3794
MPV,44.2035,-72.5623
MPZ,40.9453,-91.5122
MQB,40.52,-90.65
MQE,42.2121,-71.1142
MQI,35.919,-75.6955
MQJ,39.8435,-85.8971
MQS,39.979,-75.8655
MQY,36.009,-86.5201
MRB,39.4019,-77.9847
MRC,35.5544,-87.1791
MRF,30.37,-104.02
MRH,34.7336,-76.6606
MRJ,42.8868,-90.2362
MRN,35.82,-81.61
MRT,40.2247,-83.3516
MRY,36.5904,-121.849
MSL,34.7439,-87.5996
MSN,43.1406,-89.3453
MSO,46.9208,-114.092
MSP,44.8854,-93.2313
MSS,44.9358,-74.8456
MSV,41.7016,-74.795
MSY,29.9933,-90.2511
MTC,42.6083,-82.8355
MTH,24.7262,-81.0514
MTJ,38.505,-107.897
MTN,39.3257,-76.4138
MTO,39.4779,-88.2792
MTP,41.0731,-71.9233
MTV,36.6272,-80.0133
MTW,44.1288,-87.6806
MUI,40.4348,-76.5693
MUO,43.0436,-115.872
MUT,41.367,-91.1406
MVE,44.9691,-95.7103
MVH,46.8381,-108.937
MVL,44.5346,-72.614
MVN,38.3233,-88.8583
MVY,41.3931,-70.615
MWA,37.755,-89.0111
MWC,43.1104,-88.0344
MWH,47.2086,-119.319
MWK,36.46,-80.55
MWL,32.7816,-98.0602
MWM,43.9134,-95.1094
MWN,44.2708,-71.3035
MWO,39.531,-84.3953
MWT,34.5467,-93.5781
MXF,32.3829,-86.3658
MXO,42.2204,-91.1605
MYF,32.8157,-117.14
MYJ,39.1575,-91.8183
MYL,44.8889,-116.102
MYP,38.484,-106.317
MYR,33.68,-78.93
MYV,39.102,-121.569
MYZ,39.8553,-96.6306
MZG,27.7269,-96.1911
MZH,46.4186,-92.8048
MZZ,40.4899,-85.6797
N03,42.5926,-76.2149
N38,41.7279,-77.3965
N60,47.6458,-101.439
NAK,38.9913,-76.4891
NBC,32.4774,-80.7232
NBG,29.8253,-90.035
NBT,35.0222,-76.4625
NCA,34.7084,-77.4397
NDZ,30.7044,-87.0231
NEL,40.0334,-74.3536
NEW,30.0424,-90.0282
NFE,36.695,-76.1356
NFG,33.3011,-117.355
NFL,39.4166,-118.701
NFW,32.781,-97.4365
NGP,27.6926,-97.2911
NGU,36.9375,-76.2893
NHK,38.286,-76.4118
NID,35.6855,-117.692
NIP,30.2342,-81.6747
NJK,32.8292,-115.672
NJM,34.694,-77.0294
NKT,34.9,-76.88
NKX,32.8645,-117.137
NLC,36.333,-119.952
NMM,32.5521,-88.5556
NOG,27.9011,-98.0517
NOW,48.1413,-123.414
NPA,30.3533,-87.318
NQA,35.3567,-89.8703
NQI,27.5072,-97.8097
NQX,24.5757,-81.6888
NRB,30.3914,-81.4245
NRS,32.5631,-117.11
NSE,30.7242,-87.0219
NSI,33.2398,-119.458
NTD,34.12,-119.12
NTU,36.8207,-76.0335
NUC,33.0228,-118.589
NUI,38.146,-76.4285
NUQ,37.4059,-122.049
NUW,48.3518,-122.656
NXF,33.2856,-117.456
NXP,34.2962,-116.162
NYC,40.779,-73.9693
NYG,38.5017,-77.3053
NYL,32.6566,-114.606
NZY,32.6922,-117.21
O22,38.0304,-120.415
O54,40.7473,-122.922
O69,38.2578,-122.605
O86,40.9828,-122.694
OAJ,34.8292,-77.6121
OAK,37.7213,-122.221
OBE,27.2628,-80.8498
OCF,29.1636,-82.221
OCH,31.5778,-94.7094
OCQ,44.8742,-87.9096
OCW,35.57,-77.05
ODO,31.9206,-102.387
ODX,41.6236,-98.9517
OEB,41.9333,-85.0525
OEO,45.3086,-92.69
OFF,41.1183,-95.9125
OFK,41.9855,-97.4351
OFP,37.7089,-77.4366
OGA,41.1195,-101.77
OGB,33.4568,-80.8595
OGD,41.1957,-112.013
OGS,44.6819,-75.4655
OJA,35.5448,-98.6685
OJC,38.85,-94.7392
OKB,33.22,-117.35
OKC,35.3889,-97.6006
OKK,40.5282,-86.059
OKM,35.67,-95.95
OKV,39.1435,-78.1444
OKZ,32.9667,-82.8382
OLE,42.2413,-78.3714
OLF,48.0945,-105.575
OLG,46.3148,-91.8164
OLM,46.9733,-122.903
OLS,31.4208,-110.846
OLU,41.448,-97.3426
OLV,34.9787,-89.7869
OLY,38.7218,-88.1764
OLZ,42.6831,-91.976
OMA,41.3103,-95.8992
OMH,38.2472,-78.0456
OMK,48.4644,-119.518
OMN,29.3006,-81.1136
ONA,44.0772,-91.7083
ONL,42.4697,-98.6881
ONM,34.0225,-106.903
ONO,44.0206,-117.013
ONP,44.5804,-124.058
ONT,34.056,-117.601
ONX,36.3999,-76.0154
ONZ,42.0991,-83.1615
OOA,41.2273,-92.4919
OPF,25.9102,-80.2828
OPL,30.5584,-92.0994
OPN,32.9539,-84.2594
OQT,36.023,-84.2336
OQU,41.5971,-71.4121
ORB,48.0159,-92.856
ORC,42.9895,-96.0606
ORD,41.9875,-87.9319
ORE,42.5701,-72.2886
ORF,36.9033,-76.1922
ORG,30.0692,-93.8036
ORH,42.2673,-71.8757
ORL,28.5455,-81.3329
ORS,48.71,-122.91
OSA,33.0956,-94.9614
OSC,44.4515,-83.3942
OSH,43.9843,-88.557
OSU,40.08,-83.08
OTG,43.6551,-95.5792
OTH,43.4195,-124.244
OTM,41.1008,-92.4446
OUN,35.2435,-97.4708
OVE,39.49,-121.62
OVL,44.7786,-95.0328
OVS,43.1561,-90.6775
OWA,44.1233,-93.2606
OWB,37.7388,-87.1668
OWD,42.1912,-71.1733
OWI,38.5409,-95.2542
OWP,36.1753,-96.1518
OWX,41.0356,-83.982
OXB,38.3083,-75.1239
OXC,41.4741,-73.1354
OXI,41.3302,-86.6648
OXR,34.2008,-119.207
OXV,41.2984,-93.1114
OZA,30.7353,-101.203
OZR,31.2758,-85.7134
OZS,37.974,-92.6912
OZW,42.6294,-83.9822
P08,32.936,-111.426
P28,37.2839,-98.5528
P53,46.4119,-86.6508
P58,44.0219,-82.7931
P59,47.4669,-87.875
P60,44.5444,-110.421
P68,39.6014,-116.006
P69,46.1442,-115.596
P92,29.559,-91.525
PAAD,70.136,-146.29
PAAK,52.2206,-174.206
PAAQ,61.5949,-149.089
PABA,70.134,-143.582
PABE,60.7858,-161.826
PABI,63.995,-145.718
PABL,65.9816,-161.149
PABR,71.2826,-156.792
PABT,66.9165,-151.519
PABV,61.4164,-149.507
PACD,55.2207,-162.732
PACM,61.8445,-165.574
PACV,60.4889,-145.451
PACZ,61.7803,-166.039
PADE,66.0696,-162.766
PADG,68.0321,-162.899
PADK,51.878,-176.646
PADL,59.0447,-158.505
PADM,61.8643,-162.026
PADQ,57.75,-152.494
PADU,53.9001,-166.544
PAE,47.907,-122.282
PAEC,62.8833,-149.833
PAED,61.2514,-149.807
PAEG,64.7781,-141.15
PAEH,58.6464,-162.063
PAEI,64.6657,-147.102
PAEL,58.1952,-136.347
PAEM,62.7861,-164.491
PAEN,60.5797,-151.239
PAFA,64.8039,-147.876
PAFB,64.8375,-147.614
PAFE,56.9614,-133.91
PAFM,67.1063,-157.857
PAFR,61.2664,-149.653
PAFS,63.02,-154.36
PAGA,64.7362,-156.937
PAGB,68.4797,-149.49
PAGH,66.8881,-157.162
PAGK,62.1602,-145.457
PAGL,64.5433,-163.039
PAGM,63.7668,-171.733
PAGN,57.5036,-134.585
PAGS,58.4253,-135.707
PAGY,59.4601,-135.316
PAH,37.0563,-88.7744
PAHC,62.1883,-159.775
PAHL,65.6979,-156.351
PAHN,59.2429,-135.512
PAHO,59.6456,-151.477
PAHP,61.5239,-166.147
PAHX,62.6923,-159.569
PAHY,55.2061,-132.828
PAIG,59.324,-155.902
PAII,58.1853,-157.386
PAIK,66.9759,-160.436
PAIL,59.7492,-154.909
PAIM,65.9928,-153.704
PAIN,63.7326,-148.911
PAIW,65.6226,-168.095
PAJC,56.3115,-158.373
PAJN,58.355,-134.576
PAJZ,59.7266,-157.26
PAKF,54.8474,-163.41
PAKH,56.94,-154.18
PAKI,59.93,-164.03
PAKK,64.9395,-161.154
PAKN,58.6836,-156.654
PAKP,68.1336,-151.743
PAKT,55.3567,-131.712
PAKU,70.3308,-149.598
PAKV,64.319,-158.741
PAKW,55.5792,-133.076
PALG,61.5363,-160.341
PALH,61.1786,-149.965
PALJ,60.204,-154.319
PALK,62.0333,-142.667
PALP,70.3443,-150.945
PALU,68.8833,-166.133
PAM,30.0696,-85.5754
PAMB,58.9833,-159.05
PAMC,62.9528,-155.607
PAMD,59.432,-146.338
PAMH,63.886,-152.302
PAMK,63.49,-162.11
PAMM,55.1308,-131.576
PAMO,62.0953,-163.682
PAMR,61.2163,-149.857
PAMY,60.37,-166.27
PANA,60.6903,-161.979
PAN,34.2568,-111.339
PANC,61.1697,-150.026
PANI,61.5816,-159.543
PANN,64.5473,-149.074
PANT,55.0424,-131.572
PANV,62.6473,-160.19
PANW,59.45,-157.33
PAO,37.4611,-122.115
PAOH,58.1122,-135.452
PAOM,64.5122,-165.445
PAOO,60.5413,-165.087
PAOR,62.9614,-141.929
PAOT,66.8857,-162.607
PAOU,56.01,-161.16
PAPB,56.5769,-169.663
PAPC,65.2537,-166.859
PAPG,56.7999,-132.95
PAPH,56.9591,-158.633
PAPM,59.01,-161.82
PAPN,57.58,-157.57
PAPO,68.35,-166.8
PAPR,66.8141,-150.644
PAPT,62.1,-152.75
PAQH,59.7551,-161.845
PAQT,70.21,-151.006
PARC,68.1147,-145.579
PARD,68.0314,-162.903
PARS,61.7749,-161.319
PARY,64.73,-155.47
PASA,63.6864,-170.493
PASC,70.1947,-148.465
PASD,55.3137,-160.521
PASH,66.2496,-166.089
PASI,57.0471,-135.362
PASK,66.6001,-159.986
PASL,61.7167,-157.15
PASM,62.0608,-163.302
PASN,57.1553,-170.222
PASO,59.4424,-151.704
PASV,61.0972,-155.575
PASW,61.9653,-151.191
PASX,60.4758,-151.034
PASY,52.7141,174.117
PATA,65.1744,-152.107
PATC,65.564,-167.923
PATE,65.2404,-166.339
PATG,59.0536,-160.397
PATK,62.32,-150.095
PATL,62.8944,-155.977
PATO,60.785,-148.839
PATQ,70.4673,-157.436
PAUN,63.8885,-160.799
PAUT,54.1446,-165.604
PAVA,61.5408,-165.601
PAVC,55.1163,-162.266
PAVD,61.134,-146.248
PAVL,67.7317,-164.548
PAWD,60.1269,-149.419
PAWG,56.4843,-132.37
PAWI,70.638,-159.995
PAWM,64.6892,-163.413
PAWN,67.5661,-162.975
PAWS,61.5719,-149.541
PAYA,59.5121,-139.671
PAZK,61.937,-147.169
PBF,34.175,-91.9347
PBG,44.6509,-73.4681
PBH,45.7089,-90.4025
PBI,26.6847,-80.0994
PBX,37.5587,-82.5674
PCM,28.0002,-82.1642
PCW,41.5163,-82.8687
PCZ,44.3333,-89.0198
PDC,43.0193,-91.1237
PDK,33.8756,-84.302
PDT,45.6951,-118.841
PDX,45.5908,-122.6
PEA,41.3989,-92.9431
PEO,42.6371,-77.0529
PEQ,31.38,-103.51
PEX,45.3723,-94.7466
PEZ,28.9542,-98.52
PFCL,58.8337,-158.529
PFEL,64.615,-162.27
PFKT,65.3313,-166.466
PFKW,60.7903,-161.444
PFNO,66.8175,-161.022
PFSH,64.3711,-161.224
PFWS,58.7021,-157.003
PFYU,66.5667,-145.267
PGA,36.9261,-111.448
PGD,26.9172,-81.9914
PGV,35.6352,-77.3853
PHBK,22.0228,-159.785
PHD,40.4719,-81.4236
PHF,37.1319,-76.493
PHHI,21.4776,-158.044
PHIK,21.3187,-157.922
PHJH,20.963,-156.675
PHJR,21.3073,-158.07
PHKO,19.7388,-156.046
PHL,39.8683,-75.2311
PHLI,21.9785,-159.339
PHMK,21.1529,-157.096
PHN,42.911,-82.5289
PHNG,21.4509,-157.763
PHNL,21.3187,-157.922
PHNY,20.7856,-156.951
PHOG,20.9,-156.43
PHP,44.05,-101.6
PHSF,19.76,-155.554
PHT,36.3359,-88.3844
PHTO,19.7203,-155.048
PHX,33.4343,-112.012
PIA,40.6675,-89.6839
PIB,31.4671,-89.3371
PIE,27.91,-82.6874
PIH,42.9098,-112.596
PIL,26.1597,-97.3378
PIM,32.8407,-84.8824
PIR,44.3827,-100.286
PIT,40.4915,-80.2329
PKB,39.3451,-81.4392
PKD,46.9,-95.07
PKV,28.654,-96.681
PLN,45.5709,-84.7967
PLR,33.5588,-86.2491
PLU,47.1039,-122.287
PMD,34.6294,-118.085
PMDY,28.2082,-177.376
PMP,26.2464,-80.111
PMU,34.3635,-89.8929
PMV,40.9502,-95.9179
PNA,42.7955,-109.807
PNC,36.73,-97.1
PNE,40.0789,-75.0134
PNM,45.5599,-93.6082
PNS,30.4781,-87.1869
PNT,40.9244,-88.6239
POB,35.1709,-79.0145
POC,34.0917,-117.782
POE,31.0448,-93.1916
POF,36.7739,-90.3249
POU,41.6266,-73.8842
POV,41.2102,-81.2516
POY,44.8672,-108.793
PPA,35.613,-100.996
PPF,37.3278,-95.5042
PPIT,60.906,-162.441
PPIZ,69.7329,-163.005
PPO,41.5725,-86.7345
PPQ,39.6389,-90.7784
PQI,46.689,-68.0448
PQL,30.4636,-88.5319
PQN,43.9821,-96.3004
PRB,35.6694,-120.629
PRC,34.65,-112.42
PRG,39.7,-87.67
PRN,31.8457,-86.6107
PRO,41.8278,-94.1637
PRS,29.6342,-104.362
PRX,33.6366,-95.4507
PSC,46.2647,-119.119
PSF,42.4272,-73.2892
PSK,37.1373,-80.6785
PSM,43.0779,-70.8233
PSN,31.7797,-95.7063
PSO,37.2863,-107.056
PSP,33.8297,-116.507
PSX,28.73,-96.25
PTB,37.1838,-77.5074
PTK,42.6655,-83.4201
PTN,29.7096,-91.339
PTS,37.4495,-94.7311
PTT,37.7016,-98.7469
PTV,36.0296,-119.063
PTW,40.2383,-75.5572
PUB,38.29,-104.498
PUC,39.6092,-110.755
PUJ,33.912,-84.9406
PUW,46.7439,-117.11
PVB,42.6894,-90.4444
PVC,42.07,-70.22
PVD,41.7219,-71.4325
PVE,35.6564,-88.1954
PVF,38.7242,-120.753
PVG,36.7801,-76.4488
PVJ,34.7108,-97.2231
PVU,40.2192,-111.723
PVW,34.1681,-101.717
PWA,35.5342,-97.6471
PWC,46.7248,-94.3817
PWG,31.4849,-97.3165
PWK,42.1208,-87.9047
PWM,43.6424,-70.3044
PWT,47.4903,-122.765
PXE,32.5106,-83.7673
PYM,41.909,-70.7288
PYX,36.414,-100.75
PZQ,45.4071,-83.8129
RAC,42.7611,-87.8136
RAL,33.9519,-117.445
RAP,44.0453,-103.057
RAS,27.81,-97.09
RBD,32.68,-96.87
RBG,43.2388,-123.356
RBL,40.1519,-122.254
RBO,27.7785,-97.6905
RBW,32.921,-80.6406
RCA,44.1451,-103.104
RCE,35.4881,-97.8236
RCM,38.7842,-93.8029
RCR,41.0655,-86.1817
RCV,37.7138,-106.352
RCX,45.4968,-91.0005
RCZ,34.89,-79.76
RDD,40.509,-122.293
RDG,40.3785,-75.9652
RDK,41.0106,-95.2624
RDM,44.2539,-121.15
RDR,47.9611,-97.4012
RDU,35.8776,-78.7875
REO,42.5906,-117.864
RFD,42.1927,-89.093
RFI,32.1417,-94.8517
RGK,44.5915,-92.4868
RHI,45.6312,-89.4675
RHP,35.1952,-83.863
RHV,37.33,-121.82
RIC,37.5115,-77.3234
RIL,39.5263,-107.727
RIV,33.9,-117.25
RIW,43.0642,-108.46
RKD,44.0601,-69.0993
RKP,28.0836,-97.0464
RKR,35.02,-94.62
RKS,41.5942,-109.065
RLD,46.3015,-119.301
RME,43.2338,-75.407
RMG,34.3478,-85.1611
RMN,38.3981,-77.4555
RMY,42.2512,-84.9554
RNC,35.6987,-85.8438
RND,29.53,-98.28
RNH,45.1483,-92.5381
RNM,33.0392,-116.915
RNO,39.4839,-119.771
RNP,42.9929,-84.1389
RNT,47.4931,-122.216
RNV,33.7611,-90.7579
ROA,37.3172,-79.9737
ROC,43.1167,-77.6767
ROG,36.3724,-94.107
ROS,45.698,-92.953
ROW,33.3,-104.53
ROX,48.856,-95.6971
RPD,45.4201,-91.7733
RPH,33.11,-98.555
RPJ,41.893,-89.0783
RPX,46.475,-108.543
RQB,43.7226,-85.5041
RQE,35.6575,-109.061
RQO,35.4727,-98.0058
RRL,45.1989,-89.7129
RRT,48.9414,-95.3483
RSL,38.8721,-98.8118
RSN,32.5144,-92.5883
RSP,39.645,-77.468
RST,43.9041,-92.4916
RSV,39.016,-87.6498
RSW,26.5381,-81.7567
RTN,36.7415,-104.502
RTS,39.6682,-119.876
RUE,35.2578,-93.0947
RUG,48.3904,-100.024
RUQ,35.6459,-80.5203
RUT,43.53,-72.95
RVS,36.0396,-95.9846
RWF,44.5469,-95.082
RWI,35.8563,-77.8919
RWL,41.8056,-107.2
RWV,30.5155,-96.7041
RXE,43.8339,-111.805
RYM,46.0895,-94.3575
RYN,32.1422,-111.175
RYT,39.734,-77.43
RYV,43.1696,-88.7232
RYW,30.4967,-97.9659
RYY,34.0131,-84.5986
RZL,40.9479,-87.1826
RZN,45.8227,-92.3725
RZR,35.2115,-84.7998
RZT,39.4404,-83.0231
S25,47.7966,-103.255
S32,47.4228,-98.1059
S39,44.287,-120.904
SAA,41.4435,-106.827
SAC,38.5069,-121.495
SAD,32.8547,-109.635
SAF,35.6171,-106.089
SAN,32.7339,-117.185
SAR,38.15,-89.7
SAT,29.5337,-98.4698
SAV,32.1276,-81.2021
SAW,46.3536,-87.3954
SAZ,46.3809,-94.8066
SBA,34.4261,-119.844
SBD,34.0954,-117.235
SBM,43.7698,-87.8517
SBN,41.7072,-86.3164
SBO,32.6091,-82.3699
SBP,35.2381,-120.644
SBS,40.5162,-106.866
SBY,38.3405,-75.5103
SCD,33.1718,-86.3055
SCF,29.1158,-91.8711
SCH,42.85,-73.93
SCK,37.8942,-121.238
SCR,35.7043,-79.5043
SDA,40.7533,-95.4112
SDB,34.7434,-118.725
SDF,38.1744,-85.736
SDL,33.6229,-111.91
SDM,32.57,-116.98
SDY,47.7069,-104.193
SEA,47.4447,-122.314
SEE,32.8262,-116.972
SEG,40.8206,-76.8639
SEM,32.3439,-86.9878
SEP,32.2153,-98.1777
SET,38.93,-90.43
SEZ,34.8486,-111.788
SFB,28.7797,-81.2436
SFF,47.6828,-117.323
SFM,43.3939,-70.708
SFO,37.619,-122.375
SFQ,36.6823,-76.6019
SFY,42.0458,-90.1079
SFZ,41.9208,-71.4914
SGF,37.2397,-93.3897
SGH,39.8403,-83.8402
SGJ,29.9593,-81.3397
SGR,29.6223,-95.6565
SGS,44.8571,-93.0329
SGT,34.5995,-91.575
SGU,37.0364,-113.51
SHD,38.2638,-78.8964
SHL,43.2082,-95.8353
SHM,38.8,-104.517
SHN,47.2336,-123.148
SHR,44.77,-106.97
SHV,32.4472,-93.8244
SIF,36.4372,-79.851
SIK,36.9027,-89.5577
SIY,41.7737,-122.468
SJC,37.3594,-121.924
SJN,34.52,-109.38
SJS,37.751,-82.6367
SJT,31.3517,-100.495
SJX,45.6923,-85.5666
SKA,47.6151,-117.656
SKF,29.3842,-98.5811
SKX,36.4582,-105.672
SLB,42.5972,-95.2399
SLC,40.78,-111.97
SLE,44.9095,-123.003
SLG,36.1919,-94.49
SLH,45.6537,-84.5193
SLI,33.79,-118.052
SLK,44.3853,-74.2062
SLN,38.791,-97.6522
SLO,38.6429,-88.9642
SLR,33.16,-95.62
SME,37.0536,-84.6156
SMF,38.6954,-121.591
SMN,45.1238,-113.881
SMO,34.021,-118.447
SMP,47.2767,-121.337
SMQ,40.6239,-74.6694
SMS,33.995,-80.3613
SMX,34.9,-120.45
SNA,33.6757,-117.868
SNC,41.3839,-72.5059
SNH,35.1703,-88.2167
SNK,32.6934,-100.951
SNL,35.3573,-96.9428
SNS,36.6635,-121.609
SNT,44.1708,-114.927
SNY,41.1014,-102.985
SOA,30.5857,-100.649
SOP,35.2372,-79.3911
SOW,34.2655,-110.006
SPA,34.9157,-81.9565
SPB,45.77,-122.86
SPD,37.2833,-102.614
SPF,44.4803,-103.783
SPG,27.7651,-82.627
SPI,39.8447,-89.6839
SPL,26.0706,-97.1572
SPR,28.599,-91.206
SPS,33.9786,-98.4928
SPW,43.1682,-95.2101
SQE,28.083,-90.819
SQI,41.7428,-89.6763
SQL,37.5119,-122.248
SRB,36.0559,-85.5307
SRC,35.21,-91.74
SRQ,27.4014,-82.5586
SRR,33.4629,-105.535
SSC,33.97,-80.47
SSF,29.337,-98.4711
SSI,31.1522,-81.3908
STC,45.5433,-94.0513
STE,44.5451,-89.5303
STF,33.4331,-88.8486
STJ,39.7719,-94.9097
STK,40.6153,-103.265
STL,38.7525,-90.3734
STP,44.9345,-93.06
STS,38.5037,-122.811
SUA,27.18,-80.22
SUE,44.8437,-87.4216
SUN,43.5038,-114.296
SUS,38.6572,-90.6558
SUT,33.9292,-78.0747
SUU,38.2627,-121.927
SUW,46.6897,-92.0947
SUX,42.3917,-96.3795
SVC,32.6365,-108.156
SVE,40.3757,-120.573
SVH,35.765,-80.9539
SVN,32.01,-81.146
SWF,41.5041,-74.1048
SWO,36.1612,-97.0857
SWW,32.4674,-100.467
SXS,31.3612,-85.8549
SXT,42.6003,-123.364
SYF,39.7611,-101.796
SYI,35.5594,-86.4425
SYM,38.215,-83.5874
SYN,44.4755,-93.0163
SYR,43.1112,-76.1063
SZL,38.7303,-93.548
SZT,48.2994,-116.56
T20,29.528,-97.4614
T35,30.8794,-96.9711
T65,26.1776,-97.9731
T70,29.126,-100.481
T82,30.2432,-98.9092
TAD,37.2594,-104.341
TAN,41.8756,-71.0211
TAZ,39.5342,-89.3278
TBN,37.7416,-92.1407
TBR,32.4827,-81.7369
TBX,43.4646,-108.238
TCC,35.1828,-103.603
TCL,33.2119,-87.6161
TCM,47.1377,-122.477
TCS,33.2367,-107.268
TDF,36.2849,-78.9842
TDR,30.07,-85.5765
TDZ,41.5631,-83.4764
TEB,40.859,-74.0562
TEW,42.5658,-84.4232
TEX,37.9538,-107.909
TFP,27.913,-97.2115
TGI,37.8251,-75.9978
THA,35.38,-86.2467
THV,39.917,-76.873
TIF,41.9622,-100.569
TIK,35.4147,-97.3866
TIP,40.2936,-88.1424
TIW,47.2675,-122.576
TIX,28.5148,-80.7992
TKC,44.2491,-95.6072
TKI,33.18,-96.59
TKV,45.469,-89.8057
TKX,36.2259,-90.0366
TLH,30.3935,-84.3513
TMA,31.429,-83.4885
TMB,25.6423,-80.4347
TME,29.805,-95.8979
TMK,45.4182,-123.814
TNB,36.2,-81.65
TNU,41.6701,-93.019
TOA,33.8034,-118.34
TOB,44.018,-92.8315
TOC,34.5928,-83.2964
TOI,31.8604,-86.0121
TOL,41.5886,-83.8014
TOP,39.07,-95.62
TOR,42.0647,-104.153
TPA,27.9619,-82.5403
TPF,27.9156,-82.4493
TPH,38.0505,-117.09
TPL,31.1525,-97.4078
TQE,41.7635,-96.1779
TQH,35.93,-95.0
TRI,36.4752,-82.4074
TRK,39.32,-120.14
TRL,32.71,-96.27
TRM,33.6267,-116.16
TSP,35.135,-118.439
TTA,35.58,-79.1
TTD,45.551,-122.41
TTF,41.9399,-83.4347
TTN,40.2768,-74.8159
TTS,28.6149,-80.6944
TUL,36.1984,-95.8881
TUP,34.2608,-88.7711
TUS,32.1203,-110.938
TVC,44.7416,-85.5824
TVF,48.0657,-96.185
TVI,30.9018,-83.8811
TVK,40.6832,-92.8983
TVL,38.8939,-119.995
TVR,32.3481,-91.0299
TVY,40.6126,-112.351
TWF,42.4818,-114.488
TWM,47.0492,-91.745
TXK,33.4537,-93.991
TYQ,40.0306,-86.2514
TYR,32.3541,-95.4024
TYS,35.8181,-83.9858
TZR,39.9012,-83.1369
U16,41.05,-113.067
U42,40.6196,-111.99
U68,44.9117,-108.446
UAO,45.25,-122.77
UBE,45.506,-91.9811
UCP,41.0253,-80.4134
UCY,36.3797,-88.9857
UDG,34.45,-79.89
UES,43.041,-88.2371
UGN,42.4222,-87.8679
UIL,47.9366,-124.563
UIN,39.9428,-91.1946
UKF,36.2228,-81.0983
UKI,39.1258,-123.201
UKT,40.4352,-75.3819
ULM,44.32,-94.5
UNI,39.2119,-82.2293
UNO,36.8784,-91.9027
UNU,43.4265,-88.7038
UNV,40.85,-77.85
UOX,34.3843,-89.5368
USE,41.6101,-84.1272
UTA,34.6811,-90.3467
UTS,30.7469,-95.5872
UUU,41.5324,-71.2815
UVA,29.2113,-99.7436
UXL,30.1314,-93.3761
UYF,39.9327,-83.462
UZA,34.9878,-81.0572
VAD,30.9678,-83.193
VAF,27.3536,-94.6253
VAY,39.9429,-74.8457
VBG,34.7297,-120.577
VBS,29.4783,-93.6383
VBT,36.3457,-94.2194
VBW,38.3667,-78.9603
VCB,38.3775,-121.957
VCT,28.8614,-96.9303
VCV,34.5975,-117.383
VDF,28.014,-82.3453
VDI,32.19,-82.37
VEL,40.4409,-109.51
VER,38.9467,-92.6827
VES,40.2044,-84.5319
VGT,36.2107,-115.194
VIH,38.13,-91.77
VIS,36.3187,-119.393
VJI,36.6871,-82.0333
VKS,32.2391,-90.9282
VKY,29.248,-88.441
VLD,30.7825,-83.2767
VLL,42.5429,-83.1779
VNC,27.0716,-82.4403
VNY,34.2097,-118.489
VOA,29.229,-87.781
VOK,43.9392,-90.2532
VPC,34.1232,-84.8487
VPS,30.4833,-86.5254
VPZ,41.454,-87.0071
VQQ,30.2187,-81.8767
VQT,28.27,-92.264
VRB,27.6556,-80.4179
VSF,43.3436,-72.5173
VTA,40.0247,-82.4618
VTI,42.2176,-92.0248
VTN,42.8567,-100.549
VTP,37.5007,-105.167
VUJ,35.4167,-80.1508
VUO,45.6204,-122.657
VVG,28.9446,-81.9698
VVV,45.3057,-96.4244
VWU,48.1539,-94.5167
VYS,41.3519,-89.1531
W13,38.0769,-78.9444
W22,39.0005,-80.2737
W29,38.9764,-76.3296
W31,36.9601,-78.185
W43,44.6629,-104.568
W63,36.5958,-78.5601
W75,37.6024,-76.4467
W78,36.71,-78.848
W81,37.181,-78.0983
W96,37.5032,-77.1255
W99,38.9949,-79.1459
WAL,37.9406,-75.4631
WDG,36.3792,-97.7911
WDR,33.9829,-83.6674
WHP,34.2593,-118.413
WJF,34.7411,-118.219
WLD,37.1681,-97.0369
WMC,40.9019,-117.807
WRB,32.6401,-83.5918
WRI,40.0156,-74.5917
WRL,43.9657,-107.951
WST,41.3497,-71.7989
WVI,36.9394,-121.79
WVL,44.5333,-69.6755
WWD,39.0085,-74.9083
WWR,36.438,-99.5227
WYS,44.6884,-111.118
X60,29.3557,-82.4719
XBP,33.1753,-97.8284
XIH,29.18,-94.521
XLL,40.5703,-75.4883
XMR,28.4677,-80.5668
XNA,36.282,-94.307
XNT,42.5084,-78.6581
XPY,29.123,-90.202
XSA,37.8596,-76.8941
XVG,46.99,-94.2039
Y19,46.768,-100.894
Y23,45.3106,-91.6381
Y49,47.1595,-94.6453
Y50,44.0416,-89.3045
Y51,43.5794,-90.8965
Y63,45.9861,-95.992
Y70,42.938,-85.0606
YIP,42.2379,-83.5304
YKM,46.5682,-120.544
YKN,42.9167,-97.3859
YNG,41.2544,-80.6739
ZPH,28.2281,-82.1559
ZZV,39.9445,-81.8921
19S,37.4969,-100.833
24A,35.3159,-83.2071
27K,38.2344,-84.4347
2A0,35.4817,-84.9322
2F5,32.7479,-101.902
3S8,42.509,-123.389
4R5,46.7887,-90.7587
4S2,45.6726,-121.536
8B0,44.9919,-70.6646
APS,30.086,-90.5842
BAM,40.599,-116.874
BEC,37.6945,-97.215
BRY,37.8143,-85.4996
CXW,35.0199,-92.5551
DNA,31.8804,-106.703
ETN,32.4135,-98.8098
EVU,40.3525,-94.915
FYE,35.2061,-89.3929
GPC,39.6354,-86.8155
GRN,42.806,-102.175
GZS,35.1537,-87.0568
HCR,40.47,-111.43
HLB,39.3445,-85.2583
HTH,38.5448,-118.632
I23,39.5704,-83.4205
I68,39.4664,-84.2532
IMM,26.4332,-81.401
KY8,37.953,-86.8592
LBO,37.6483,-92.6524
M04,35.5834,-89.5872
M75,48.3689,-107.918
MBY,39.464,-92.4244
NOZ,32.5095,-114.467
NR02,35.2378,-79.9956
NY0,42.9982,-74.3296
PCD,37.8667,-89.8651
RAW,38.3469,-93.3454
REG,30.1667,-90.9333
RID,39.7572,-84.8428
S33,44.6702,-121.155
SDC,43.2346,-77.1195
SEF,27.4547,-81.3416
SXU,34.9357,-104.643
SZY,35.2029,-88.4984
XNO,33.6117,-81.0701
Y31,44.2448,-84.1798
06C,41.9893,-88.1012
13K,37.8519,-96.2929
17J,31.007,-84.8776
1GM,47.33,-112.1
1KM,46.45,-109.8
1LM,46.7,-109.733
2J3,32.9865,-82.3857
2M2,35.2343,-87.2579
3L4,29.8,-92.804
4S1,42.4153,-124.425
57C,42.7972,-88.3726
6S0,45.8063,-109.974
6S2,43.9828,-124.111
8A3,36.4121,-85.3116
AAS,37.3569,-85.3151
C65,41.3651,-86.3005
C83,37.8276,-121.624
C99,39.8689,-105.553
CCB,34.1116,-117.687
CPU,38.1461,-120.648
D73,33.7825,-83.6928
DLO,35.7456,-119.237
DSF,28.35,-88.2667
EZZ,39.7276,-94.2764
FRH,38.5062,-86.6369
GCY,36.196,-82.811
GNB,40.0904,-105.911
GVQ,43.0317,-78.1675
HPT,42.7175,-93.2244
L08,33.259,-116.321
L52,35.1015,-120.622
LGF,32.86,-114.397
LUG,35.5136,-86.803
LUV,32.7563,-101.92
LYO,38.3403,-98.2286
M02,36.1279,-87.4298
M54,36.1904,-86.3157
MBT,35.8775,-86.3775
O32,36.671,-119.451
OXD,39.5022,-84.7844
OYM,41.4125,-78.5026
PALV,60.816,-152.302
PFNU,70.4954,-150.253
PLD,40.4508,-84.9901
PMH,38.8405,-82.8473
PPNU,70.4141,-150.019
PTD,44.6767,-74.9484
RKW,35.9223,-84.6897
S52,48.4249,-120.146
SRE,35.2747,-96.6752
SUZ,34.5904,-92.4794
TCY,37.6889,-121.442
TXW,26.1775,-97.9731
ULS,37.604,-101.374
WBF,26.93,-90.5
X07,27.8934,-81.6167
XNX,36.3751,-86.4084
1U7,42.2497,-111.342
2J5,32.8935,-81.9654
2R9,28.825,-97.8656
33N,39.2187,-75.6005
3K8,37.2281,-99.3309
41U,39.3314,-111.613
48A,32.3994,-83.2759
4F2,32.176,-94.2988
6S5,46.2515,-114.126
77S,43.9308,-123.007
BRG,34.646,-106.836
BWW,46.1655,-103.301
F45,26.8459,-80.2223
GBN,32.8875,-112.72
GYF,26.129,-94.898
H71,36.2254,-95.3301
HMT,33.734,-117.022
HSD,35.6019,-97.7092
I43,38.9814,-82.5778
I74,40.1326,-83.7534
JVY,38.3654,-85.7382
KNB,37.0111,-112.531
LNQ,29.364,-89.438
MHP,32.3739,-82.081
OEL,39.1017,-100.817
OIN,39.8339,-100.539
OQN,39.9889,-75.5803
PO1,48.1344,-105.162
RGA,37.6315,-84.3324
RVL,40.6774,-77.6268
SCX,36.4557,-84.5858
SEQ,29.5658,-97.9083
SXK,42.9858,-96.1614
T41,29.6693,-95.0641
T74,30.5726,-97.4432
TMT,39.4643,-117.197
TQK,38.4782,-100.882
TYL,34.4577,-110.112
UKL,38.3025,-95.725
VNW,40.8633,-84.613
XWA,48.2597,-103.751
00U,45.7444,-107.66
1S3,46.2712,-106.624
2IS,26.7339,-81.0468
38S,46.3867,-112.765
3U3,46.1531,-112.868
4U6,47.4186,-105.562
63S,48.5442,-117.883
6S8,45.7031,-108.761
79S,47.8451,-110.636
7S0,47.5683,-114.1
7S1,45.5338,-112.303
7S6,46.5041,-110.913
81R,31.2352,-98.717
ADT,39.8401,-101.042
CFO,39.7841,-104.538
CII,47.8283,-112.168
CPF,37.3874,-83.2616
CYD,28.1667,-89.2167
DWA,38.5794,-121.857
E41,31.1989,-101.473
FPY,30.0708,-83.5815
GNG,42.9172,-114.765
JSY,45.3595,-117.254
K82,39.7611,-98.7934
LNA,26.5925,-80.0848
MIO,36.9092,-94.8875
MJD,30.4875,-89.6512
NJW,32.7962,-88.8317
NRN,39.8504,-99.8947
OAR,36.6815,-121.762
ORK,34.8331,-92.2541
PHHN,20.7945,-156.016
PHMU,19.9984,-155.674
PJC,40.8009,-80.1624
PWD,48.7886,-104.523
S21,43.8763,-121.453
S59,48.2838,-115.49
S71,48.5921,-109.251
S85,48.1533,-104.504
T69,28.0386,-97.5425
U55,37.8511,-112.391
U69,40.1919,-110.381
VGC,42.8434,-75.5612
VHN,31.0578,-104.784
X26,27.8126,-80.4959
35A,34.687,-81.6412
4V1,37.6941,-104.788
E42,36.221,-101.195
MZJ,32.51,-111.328
O05,40.2824,-121.241
RVF,45.5354,-112.302
RVJ,32.0595,-82.1536
SPK,40.145,-111.668
T89,29.3419,-98.8509
U52,38.2307,-112.675
VVS,39.9581,-79.6575
